face_id,mean,std,sem,n_subjects,t_stat,p_value
ID015,4.244007126660188,2.359682750238706,0.1946233530074905,147,21.806258401564214,8.957048591209694e-48
ID017,4.0203033268101755,2.2571306036116563,0.2641771552182029,73,15.218209627132664,3.3897109911888294e-24
ID030,4.301640926640927,2.3085003692541735,0.2683577169650326,74,16.029503363234518,1.2871541654930537e-25
