face_id,mean_D,std_D,n_subjects,t_stat,p_value
ID015,0.11530612244897961,2.0049974450757664,147,0.6972639496230917,0.48674643796966677
ID017,0.23899217221135027,1.93242017064723,73,1.056680138973831,0.29419022503319736
ID030,0.16843629343629343,2.436404716681457,74,0.5947057042672244,0.5538790927568271
