face_id,mean_D,std_D,n_subjects,t_stat,p_value
ID015,4.25,0.3535533905932738,2,17.0,0.037405118482553346
